Bus,No,Time,State,ID (hex),DLC,Data (hex),ASCII
USB-to-CAN V2 compact  CAN-1,1,15:35:54.580,      ,492,0,Remote Frame (DLC=0),
USB-to-CAN V2 compact  CAN-1,2,15:35:54.605,      ,492,0,Remote Frame (DLC=0),
USB-to-CAN V2 compact  CAN-1,3,15:35:54.630,      ,492,0,Remote Frame (DLC=0),
USB-to-CAN V2 compact  CAN-1,4,15:35:54.655,      ,492,0,Remote Frame (DLC=0),
USB-to-CAN V2 compact  CAN-1,5,15:35:54.680,      ,492,0,Remote Frame (DLC=0),
USB-to-CAN V2 compact  CAN-1,6,15:35:54.683,  E   ,18FFF403,8,00 00 00 00 00 00 00 00,........
USB-to-CAN V2 compact  CAN-1,7,15:35:54.688,  E   ,18FF0104,8,08 10 00 00 A4 04 02 00,........
USB-to-CAN V2 compact  CAN-1,8,15:35:54.689,  E   ,18FFF003,8,00 00 00 00 00 00 00 00,........
USB-to-CAN V2 compact  CAN-1,9,15:35:54.692,  E   ,18FEF704,8,FF FF FF FF 6A 00 FF FF,....j...
USB-to-CAN V2 compact  CAN-1,10,15:35:54.694,  E   ,18FFF103,8,04 00 00 00 00 00 00 FF,........
USB-to-CAN V2 compact  CAN-1,11,15:35:54.696,  E   ,18FFF504,8,FF 82 00 FF 00 00 FF 02,........
USB-to-CAN V2 compact  CAN-1,12,15:35:54.699,  E   ,18FEF803,8,FF FF FF FF C0 27 FF FF,.....'..
USB-to-CAN V2 compact  CAN-1,13,15:35:54.704,  E   ,18F00400,8,FF FF FF FF FF FF FF FF,........
USB-to-CAN V2 compact  CAN-1,14,15:35:54.708,  E   ,18FF0104,8,08 10 00 00 00 04 02 00,........
USB-to-CAN V2 compact  CAN-1,15,15:35:54.709,  E   ,18FEF500,8,FF FF FF FF FF FF FF FF,........
USB-to-CAN V2 compact  CAN-1,16,15:35:54.712,  E   ,18FEF704,8,FF FF FF FF 04 01 FF FF,........
USB-to-CAN V2 compact  CAN-1,17,15:35:54.716,  E   ,18FFF504,8,FF 82 00 FF 00 00 FF 02,........
USB-to-CAN V2 compact  CAN-1,18,15:35:54.728,  E   ,18FF0104,8,08 10 00 00 00 04 02 00,........
USB-to-CAN V2 compact  CAN-1,19,15:35:54.732,  E   ,18FEF704,8,FF FF FF FF 66 01 FF FF,....f...
USB-to-CAN V2 compact  CAN-1,20,15:35:54.734,  E   ,18FFF403,8,2A 00 00 00 00 00 00 2A,*......*
USB-to-CAN V2 compact  CAN-1,21,15:35:54.736,  E   ,18FFF504,8,FF 82 00 FF 00 00 FF 02,........
USB-to-CAN V2 compact  CAN-1,22,15:35:54.739,  E   ,18FFF003,8,00 00 00 00 00 00 00 00,........
USB-to-CAN V2 compact  CAN-1,23,15:35:54.744,  E   ,18FFF103,8,00 00 00 00 00 00 00 FF,........
USB-to-CAN V2 compact  CAN-1,24,15:35:54.748,  E   ,18FF0104,8,00 10 00 00 00 04 02 00,........
USB-to-CAN V2 compact  CAN-1,25,15:35:54.749,  E   ,18FEF803,8,FF FF FF FF C0 27 FF FF,.....'..
USB-to-CAN V2 compact  CAN-1,26,15:35:54.752,  E   ,18FEF704,8,FF FF FF FF A5 01 FF FF,........
USB-to-CAN V2 compact  CAN-1,27,15:35:54.754,  E   ,18F00400,8,FF FF FF FF FF FF FF FF,........
USB-to-CAN V2 compact  CAN-1,28,15:35:54.756,  E   ,18FFF504,8,FF 82 00 FF 00 00 FF 02,........
USB-to-CAN V2 compact  CAN-1,29,15:35:54.768,  E   ,18FF0104,8,00 10 00 00 00 04 02 00,........
USB-to-CAN V2 compact  CAN-1,30,15:35:54.772,  E   ,18FEF704,8,FF FF FF FF CD 01 FF FF,........
USB-to-CAN V2 compact  CAN-1,31,15:35:54.776,  E   ,18FFF504,8,FF 82 00 FF 00 00 FF 02,........
USB-to-CAN V2 compact  CAN-1,32,15:35:54.784,  E   ,18FFF403,8,2A 00 00 00 00 00 00 2A,*......*
USB-to-CAN V2 compact  CAN-1,33,15:35:54.788,      ,492,0,Remote Frame (DLC=0),
USB-to-CAN V2 compact  CAN-1,34,15:35:54.788,  E   ,18FF0104,8,00 10 00 00 00 04 02 00,........
USB-to-CAN V2 compact  CAN-1,35,15:35:54.792,  E   ,18FEF704,8,FF FF FF FF E6 01 FF FF,........
USB-to-CAN V2 compact  CAN-1,36,15:35:54.796,  E   ,18FFF504,8,FB 82 00 FF 00 00 FF 00,........
USB-to-CAN V2 compact  CAN-1,37,15:35:54.808,  E   ,18FF0104,8,00 10 00 00 00 00 00 00,........
USB-to-CAN V2 compact  CAN-1,38,15:35:54.812,  E   ,18FEF704,8,FF FF FF FF F7 01 FF FF,........
USB-to-CAN V2 compact  CAN-1,39,15:35:54.813,      ,492,0,Remote Frame (DLC=0),
USB-to-CAN V2 compact  CAN-1,40,15:35:54.816,  E   ,18FFF504,8,FF 82 00 FF 00 00 FF 00,........
USB-to-CAN V2 compact  CAN-1,41,15:35:54.828,  E   ,18FF0104,8,00 30 00 00 00 01 00 00,.0......
USB-to-CAN V2 compact  CAN-1,42,15:35:54.832,  E   ,18FEF704,8,FF FF FF FF 01 02 FF FF,........
USB-to-CAN V2 compact  CAN-1,43,15:35:54.836,  E   ,18FFF504,8,FF 82 00 FF 00 02 FF 00,........
USB-to-CAN V2 compact  CAN-1,44,15:35:54.838,      ,492,0,Remote Frame (DLC=0),
USB-to-CAN V2 compact  CAN-1,45,15:35:54.848,  E   ,18FF0104,8,00 30 00 00 00 01 00 00,.0......
USB-to-CAN V2 compact  CAN-1,46,15:35:54.852,  E   ,18FEF704,8,FF FF FF FF 08 02 FF FF,........
USB-to-CAN V2 compact  CAN-1,47,15:35:54.856,  E   ,18FFF504,8,FF 82 00 FF 00 04 FF 00,........
USB-to-CAN V2 compact  CAN-1,48,15:35:54.863,      ,492,0,Remote Frame (DLC=0),
USB-to-CAN V2 compact  CAN-1,49,15:35:54.868,  E   ,18FF0104,8,00 30 00 00 00 01 00 00,.0......
USB-to-CAN V2 compact  CAN-1,50,15:35:54.872,  E   ,18FEF704,8,FF FF FF FF 0C 02 FF FF,........
USB-to-CAN V2 compact  CAN-1,51,15:35:54.876,  E   ,18FFF504,8,FF 82 00 FF 00 05 FF 00,........
USB-to-CAN V2 compact  CAN-1,52,15:35:54.888,      ,492,0,Remote Frame (DLC=0),
USB-to-CAN V2 compact  CAN-1,53,15:35:54.888,  E   ,18FF0104,8,00 10 00 00 00 00 00 00,........
USB-to-CAN V2 compact  CAN-1,54,15:35:54.890,  E   ,18FFF403,8,00 00 00 00 00 00 00 00,........
USB-to-CAN V2 compact  CAN-1,55,15:35:54.892,  E   ,18FEF704,8,FF FF FF FF 0F 02 FF FF,........
USB-to-CAN V2 compact  CAN-1,56,15:35:54.895,  E   ,18FFF003,8,00 00 00 00 00 00 00 00,........
USB-to-CAN V2 compact  CAN-1,57,15:35:54.896,  E   ,18FFF504,8,FF 82 00 FF 00 06 FF 01,........
USB-to-CAN V2 compact  CAN-1,58,15:35:54.900,  E   ,18FFF103,8,04 00 00 00 00 00 00 FF,........
USB-to-CAN V2 compact  CAN-1,59,15:35:54.905,  E   ,18FEF803,8,FF FF FF FF C0 27 FF FF,.....'..
USB-to-CAN V2 compact  CAN-1,60,15:35:54.908,  E   ,18FF0104,8,00 10 00 35 00 00 00 00,...5....
USB-to-CAN V2 compact  CAN-1,61,15:35:54.910,  E   ,18F00400,8,FF FF FF FF FF FF FF FF,........
USB-to-CAN V2 compact  CAN-1,62,15:35:54.912,  E   ,18FEF704,8,FF FF FF FF 11 02 FF FF,........
USB-to-CAN V2 compact  CAN-1,63,15:35:54.915,  E   ,18FEF500,8,FF FF FF FF FF FF FF FF,........
USB-to-CAN V2 compact  CAN-1,64,15:35:54.916,  E   ,18FFF504,8,FF 82 00 FF 00 06 FF 01,........
USB-to-CAN V2 compact  CAN-1,65,15:35:54.928,  E   ,18FF0104,8,00 10 00 35 00 00 00 00,...5....
USB-to-CAN V2 compact  CAN-1,66,15:35:54.932,  E   ,18FEF704,8,FF FF FF FF 12 02 FF FF,........
USB-to-CAN V2 compact  CAN-1,67,15:35:54.936,  E   ,18FFF504,8,FF 82 00 FF 00 07 FF 01,........
USB-to-CAN V2 compact  CAN-1,68,15:35:54.940,  E   ,18FFF403,8,2A 00 00 00 00 00 00 2A,*......*
USB-to-CAN V2 compact  CAN-1,69,15:35:54.945,  E   ,18FFF003,8,00 00 00 00 00 00 00 00,........
USB-to-CAN V2 compact  CAN-1,70,15:35:54.948,  E   ,18FF0104,8,00 10 00 35 00 00 00 00,...5....
USB-to-CAN V2 compact  CAN-1,71,15:35:54.950,  E   ,18FFF103,8,00 00 00 00 00 00 00 FF,........
USB-to-CAN V2 compact  CAN-1,72,15:35:54.952,  E   ,18FEF704,8,FF FF FF FF 13 02 FF FF,........
USB-to-CAN V2 compact  CAN-1,73,15:35:54.955,  E   ,18FEF803,8,FF FF FF FF C0 27 FF FF,.....'..
USB-to-CAN V2 compact  CAN-1,74,15:35:54.956,  E   ,18FFF504,8,FF 82 00 FF 00 07 FF 01,........
USB-to-CAN V2 compact  CAN-1,75,15:35:54.960,  E   ,18F00400,8,FF FF FF FF FF FF FF FF,........
USB-to-CAN V2 compact  CAN-1,76,15:35:54.968,  E   ,18FF0104,8,00 10 00 35 00 00 00 00,...5....
USB-to-CAN V2 compact  CAN-1,77,15:35:54.972,  E   ,18FEF704,8,FF FF FF FF 13 02 FF FF,........
USB-to-CAN V2 compact  CAN-1,78,15:35:54.976,  E   ,18FFF504,8,FF 82 00 FF 00 07 FF 01,........
USB-to-CAN V2 compact  CAN-1,79,15:35:54.988,  E   ,18FF0104,8,00 10 00 35 00 00 00 00,...5....
USB-to-CAN V2 compact  CAN-1,80,15:35:54.990,  E   ,18FFF403,8,2A 00 00 00 00 00 00 2A,*......*
USB-to-CAN V2 compact  CAN-1,81,15:35:54.992,  E   ,18FEF704,8,FF FF FF FF 14 02 FF FF,........
USB-to-CAN V2 compact  CAN-1,82,15:35:54.995,  E   ,18FFF003,8,00 00 00 00 00 00 00 00,........
USB-to-CAN V2 compact  CAN-1,83,15:35:54.996,  E   ,18FFF504,8,FF 82 00 FF 00 07 FF 01,........
USB-to-CAN V2 compact  CAN-1,84,15:35:55.000,  E   ,18FFF103,8,00 00 00 00 00 00 00 FF,........
USB-to-CAN V2 compact  CAN-1,85,15:35:55.005,  E   ,18FEF803,8,FF FF FF FF C0 27 FF FF,.....'..
USB-to-CAN V2 compact  CAN-1,86,15:35:55.008,  E   ,18FF0104,8,00 10 00 35 00 00 00 00,...5....
USB-to-CAN V2 compact  CAN-1,87,15:35:55.010,  E   ,18F00400,8,FF FF FF FF FF FF FF FF,........
USB-to-CAN V2 compact  CAN-1,88,15:35:55.012,  E   ,18FEF704,8,FF FF FF FF 14 02 FF FF,........
USB-to-CAN V2 compact  CAN-1,89,15:35:55.015,  E   ,18FEF700,8,FF FF FF FF FF FF FF FF,........
USB-to-CAN V2 compact  CAN-1,90,15:35:55.016,  E   ,18FFF504,8,FF 82 00 FF 00 07 FF 01,........
USB-to-CAN V2 compact  CAN-1,91,15:35:55.028,  E   ,18FF0104,8,00 10 00 35 00 00 00 00,...5....
USB-to-CAN V2 compact  CAN-1,92,15:35:55.032,  E   ,18FEF704,8,FF FF FF FF 14 02 FF FF,........
USB-to-CAN V2 compact  CAN-1,93,15:35:55.036,  E   ,18FFF504,8,FF 82 00 FF 00 07 FF 01,........
USB-to-CAN V2 compact  CAN-1,94,15:35:55.040,  E   ,18FFF403,8,2A 00 00 00 00 00 00 2A,*......*
USB-to-CAN V2 compact  CAN-1,95,15:35:55.045,  E   ,18FFF003,8,00 00 00 00 00 00 00 00,........
USB-to-CAN V2 compact  CAN-1,96,15:35:55.048,  E   ,18FF0104,8,00 10 00 35 00 00 00 00,...5....
USB-to-CAN V2 compact  CAN-1,97,15:35:55.050,  E   ,18FFF103,8,00 00 00 00 00 00 00 FF,........
USB-to-CAN V2 compact  CAN-1,98,15:35:55.052,  E   ,18FEF704,8,FF FF FF FF 14 02 FF FF,........
USB-to-CAN V2 compact  CAN-1,99,15:35:55.055,  E   ,18FEF803,8,FF FF FF FF C0 27 FF FF,.....'..
USB-to-CAN V2 compact  CAN-1,100,15:35:55.056,  E   ,18FFF504,8,FF 82 00 FF 00 07 FF 01,........
USB-to-CAN V2 compact  CAN-1,101,15:35:55.060,  E   ,18F00400,8,FF FF FF FF FF FF FF FF,........
USB-to-CAN V2 compact  CAN-1,102,15:35:55.068,  E   ,18FF0104,8,00 10 00 35 00 00 00 00,...5....
USB-to-CAN V2 compact  CAN-1,103,15:35:55.072,  E   ,18FEF704,8,FF FF FF FF 14 02 FF FF,........
USB-to-CAN V2 compact  CAN-1,104,15:35:55.076,  E   ,18FFF504,8,FF 82 00 FF 00 07 FF 01,........
USB-to-CAN V2 compact  CAN-1,105,15:35:55.088,  E   ,18FF0104,8,00 10 00 35 00 00 00 00,...5....
USB-to-CAN V2 compact  CAN-1,106,15:35:55.090,  E   ,18FFF403,8,2A 00 00 00 00 00 00 2A,*......*
USB-to-CAN V2 compact  CAN-1,107,15:35:55.092,  E   ,18FEF704,8,FF FF FF FF 14 02 FF FF,........
USB-to-CAN V2 compact  CAN-1,108,15:35:55.095,  E   ,18FFF003,8,00 00 00 00 00 00 00 00,........
USB-to-CAN V2 compact  CAN-1,109,15:35:55.096,  E   ,18FFF504,8,FF 82 00 FF 00 07 FF 01,........
USB-to-CAN V2 compact  CAN-1,110,15:35:55.100,  E   ,18FFF103,8,00 00 00 00 00 00 00 FF,........
USB-to-CAN V2 compact  CAN-1,111,15:35:55.105,  E   ,18FEF803,8,FF FF FF FF C0 27 FF FF,.....'..
USB-to-CAN V2 compact  CAN-1,112,15:35:55.108,  E   ,18FF0104,8,00 10 00 35 00 00 00 00,...5....
USB-to-CAN V2 compact  CAN-1,113,15:35:55.110,  E   ,18F00400,8,FF FF FF FF FF FF FF FF,........
USB-to-CAN V2 compact  CAN-1,114,15:35:55.111,  E   ,18EEFF17,8,00 00 00 00 00 00 00 00,........
USB-to-CAN V2 compact  CAN-1,115,15:35:55.112,  E   ,18FEF704,8,FF FF FF FF 14 02 FF FF,........
USB-to-CAN V2 compact  CAN-1,116,15:35:55.115,  E   ,18FEE500,8,FF FF FF FF FF FF FF FF,........
USB-to-CAN V2 compact  CAN-1,117,15:35:55.116,  E   ,18FFF504,8,FF 82 00 FF 00 07 FF 01,........
USB-to-CAN V2 compact  CAN-1,118,15:35:55.120,  E   ,18FEEF00,8,FF FF FF FF FF FF FF FF,........
USB-to-CAN V2 compact  CAN-1,119,15:35:55.128,  E   ,18FF0104,8,00 10 00 35 00 00 00 00,...5....
USB-to-CAN V2 compact  CAN-1,120,15:35:55.132,  E   ,18FEF704,8,FF FF FF FF 14 02 FF FF,........
USB-to-CAN V2 compact  CAN-1,121,15:35:55.136,  E   ,18FFF504,8,FF 82 00 FF 00 07 FF 01,........
USB-to-CAN V2 compact  CAN-1,122,15:35:55.140,  E   ,18FFF403,8,2A 00 00 00 00 00 00 2A,*......*
USB-to-CAN V2 compact  CAN-1,123,15:35:55.145,  E   ,18FFF003,8,00 00 00 00 00 00 00 00,........
USB-to-CAN V2 compact  CAN-1,124,15:35:55.148,  E   ,18FF0104,8,00 10 00 35 00 00 00 00,...5....
USB-to-CAN V2 compact  CAN-1,125,15:35:55.150,  E   ,18FFF103,8,00 00 00 00 00 00 00 FF,........
USB-to-CAN V2 compact  CAN-1,126,15:35:55.152,  E   ,18FEF704,8,FF FF FF FF 14 02 FF FF,........
USB-to-CAN V2 compact  CAN-1,127,15:35:55.155,  E   ,18FEF803,8,FF FF FF FF C0 27 FF FF,.....'..
USB-to-CAN V2 compact  CAN-1,128,15:35:55.156,  E   ,18FFF504,8,FF 82 00 FF 00 07 FF 01,........
USB-to-CAN V2 compact  CAN-1,129,15:35:55.160,  E   ,18F00400,8,FF FF FF FF FF FF FF FF,........
USB-to-CAN V2 compact  CAN-1,130,15:35:55.165,  E   ,18FEE400,8,FF FF FF FF FF FF FF FF,........
USB-to-CAN V2 compact  CAN-1,131,15:35:55.168,  E   ,18FF0104,8,00 10 00 35 00 00 00 00,...5....
USB-to-CAN V2 compact  CAN-1,132,15:35:55.172,  E   ,18FEF704,8,FF FF FF FF 14 02 FF FF,........
USB-to-CAN V2 compact  CAN-1,133,15:35:55.176,  E   ,18FFF504,8,FF 82 00 FF 00 07 FF 01,........
USB-to-CAN V2 compact  CAN-1,134,15:35:55.188,  E   ,18FF0104,8,00 10 00 35 00 00 00 00,...5....
USB-to-CAN V2 compact  CAN-1,135,15:35:55.190,  E   ,18FFF403,8,2A 00 00 00 00 00 00 2A,*......*
USB-to-CAN V2 compact  CAN-1,136,15:35:55.192,  E   ,18FEF704,8,FF FF FF FF 14 02 FF FF,........
USB-to-CAN V2 compact  CAN-1,137,15:35:55.195,  E   ,18FFF003,8,00 00 00 00 00 00 00 00,........
USB-to-CAN V2 compact  CAN-1,138,15:35:55.196,  E   ,18FFF504,8,FF 82 00 FF 00 07 FF 01,........
USB-to-CAN V2 compact  CAN-1,139,15:35:55.200,  E   ,18FFF103,8,00 00 00 00 00 00 00 FF,........
USB-to-CAN V2 compact  CAN-1,140,15:35:55.205,  E   ,18FEF803,8,FF FF FF FF C0 27 FF FF,.....'..
USB-to-CAN V2 compact  CAN-1,141,15:35:55.208,  E   ,18FF0104,8,00 10 00 35 00 00 00 00,...5....
USB-to-CAN V2 compact  CAN-1,142,15:35:55.210,  E   ,18F00400,8,FF FF FF FF FF FF FF FF,........
USB-to-CAN V2 compact  CAN-1,143,15:35:55.212,  E   ,18FEF704,8,FF FF FF FF 14 02 FF FF,........
USB-to-CAN V2 compact  CAN-1,144,15:35:55.215,  E   ,18FD0700,8,FF FF FF FF FF FF FF FF,........
USB-to-CAN V2 compact  CAN-1,145,15:35:55.216,  E   ,18FFF504,8,FF 82 00 FF 00 07 FF 01,........
USB-to-CAN V2 compact  CAN-1,146,15:35:55.228,  E   ,18FF0104,8,00 10 00 35 00 00 00 00,...5....
USB-to-CAN V2 compact  CAN-1,147,15:35:55.232,  E   ,18FEF704,8,FF FF FF FF 14 02 FF FF,........
USB-to-CAN V2 compact  CAN-1,148,15:35:55.236,  E   ,18FFF504,8,FF 82 00 FF 00 07 FF 01,........
USB-to-CAN V2 compact  CAN-1,149,15:35:55.240,  E   ,18FFF403,8,2A 00 00 00 00 00 00 2A,*......*
USB-to-CAN V2 compact  CAN-1,150,15:35:55.245,  E   ,18FFF003,8,00 00 00 00 00 00 00 00,........
USB-to-CAN V2 compact  CAN-1,151,15:35:55.248,  E   ,18FF0104,8,00 10 00 35 00 00 00 00,...5....
USB-to-CAN V2 compact  CAN-1,152,15:35:55.250,  E   ,18FFF103,8,00 00 00 00 00 00 00 FF,........
USB-to-CAN V2 compact  CAN-1,153,15:35:55.252,  E   ,18FEF704,8,FF FF FF FF 14 02 FF FF,........
USB-to-CAN V2 compact  CAN-1,154,15:35:55.255,  E   ,18FEF803,8,FF FF FF FF C0 27 FF FF,.....'..
USB-to-CAN V2 compact  CAN-1,155,15:35:55.256,  E   ,18FFF504,8,FF 82 00 FF 00 07 FF 01,........
USB-to-CAN V2 compact  CAN-1,156,15:35:55.260,  E   ,18F00400,8,FF FF FF FF FF FF FF FF,........
USB-to-CAN V2 compact  CAN-1,157,15:35:55.265,  E   ,18FECA03,8,00 FF FF FF FF FF FF FF,........
USB-to-CAN V2 compact  CAN-1,158,15:35:55.268,  E   ,18FF0104,8,00 10 00 35 00 00 00 00,...5....
USB-to-CAN V2 compact  CAN-1,159,15:35:55.272,  E   ,18FEF704,8,FF FF FF FF 14 02 FF FF,........
USB-to-CAN V2 compact  CAN-1,160,15:35:55.276,  E   ,18FFF504,8,FF 82 00 FF 00 07 FF 01,........
USB-to-CAN V2 compact  CAN-1,161,15:35:55.288,  E   ,18FF0104,8,00 10 00 35 00 00 00 00,...5....
USB-to-CAN V2 compact  CAN-1,162,15:35:55.290,  E   ,18FFF403,8,2A 00 00 00 00 00 00 2A,*......*
USB-to-CAN V2 compact  CAN-1,163,15:35:55.292,  E   ,18FEF704,8,FF FF FF FF 14 02 FF FF,........
USB-to-CAN V2 compact  CAN-1,164,15:35:55.295,  E   ,18FFF003,8,00 00 00 00 00 00 00 00,........
USB-to-CAN V2 compact  CAN-1,165,15:35:55.296,  E   ,18FFF504,8,FF 82 00 FF 00 07 FF 01,........
USB-to-CAN V2 compact  CAN-1,166,15:35:55.300,  E   ,18FFF103,8,00 00 00 00 00 00 00 FF,........
USB-to-CAN V2 compact  CAN-1,167,15:35:55.305,  E   ,18FEF803,8,FF FF FF FF C0 27 FF FF,.....'..
USB-to-CAN V2 compact  CAN-1,168,15:35:55.308,  E   ,18FF0104,8,00 10 00 09 00 10 00 00,........
USB-to-CAN V2 compact  CAN-1,169,15:35:55.310,  E   ,18F00400,8,FF FF FF FF FF FF FF FF,........
USB-to-CAN V2 compact  CAN-1,170,15:35:55.312,  E   ,18FEF704,8,FF FF FF FF 14 02 FF FF,........
USB-to-CAN V2 compact  CAN-1,171,15:35:55.315,  E   ,18FEE900,8,FF FF FF FF FF FF FF FF,........
USB-to-CAN V2 compact  CAN-1,172,15:35:55.316,  E   ,18FFF504,8,FF 82 00 FF 00 07 FF 01,........
USB-to-CAN V2 compact  CAN-1,173,15:35:55.328,  E   ,18FF0104,8,00 10 00 09 00 10 00 00,........
USB-to-CAN V2 compact  CAN-1,174,15:35:55.332,  E   ,18FEF704,8,FF FF FF FF 14 02 FF FF,........
USB-to-CAN V2 compact  CAN-1,175,15:35:55.336,  E   ,18FFF504,8,FF 82 00 FF 00 07 FF 01,........
USB-to-CAN V2 compact  CAN-1,176,15:35:55.340,  E   ,18FFF403,8,2A 00 00 00 00 00 00 2A,*......*
USB-to-CAN V2 compact  CAN-1,177,15:35:55.345,  E   ,18FFF003,8,00 00 00 00 00 00 00 00,........
USB-to-CAN V2 compact  CAN-1,178,15:35:55.348,  E   ,18FF0104,8,00 10 00 09 00 10 00 00,........
USB-to-CAN V2 compact  CAN-1,179,15:35:55.350,  E   ,18FFF103,8,00 00 00 00 00 00 00 FF,........
USB-to-CAN V2 compact  CAN-1,180,15:35:55.352,  E   ,18FEF704,8,FF FF FF FF 14 02 FF FF,........
USB-to-CAN V2 compact  CAN-1,181,15:35:55.355,  E   ,18FEF803,8,FF FF FF FF C0 27 FF FF,.....'..
USB-to-CAN V2 compact  CAN-1,182,15:35:55.356,  E   ,18FFF504,8,FF 82 00 FF 00 07 FF 01,........
USB-to-CAN V2 compact  CAN-1,183,15:35:55.360,  E   ,18F00400,8,00 7D 7D 00 00 07 00 7D,.}}....}
USB-to-CAN V2 compact  CAN-1,184,15:35:55.361,  E   ,18EA0017,3,E5 FE 00,...
USB-to-CAN V2 compact  CAN-1,185,15:35:55.368,  E   ,18FF0104,8,00 10 00 09 00 10 00 00,........
USB-to-CAN V2 compact  CAN-1,186,15:35:55.370,  E   ,18FEEE00,8,FF FF FF FF FF FF FF FF,........
USB-to-CAN V2 compact  CAN-1,187,15:35:55.372,  E   ,18FEF704,8,FF FF FF FF 14 02 FF FF,........
USB-to-CAN V2 compact  CAN-1,188,15:35:55.376,  E   ,18FFF504,8,FF 82 00 FF 00 07 FF 01,........
USB-to-CAN V2 compact  CAN-1,189,15:35:55.388,  E   ,18FF0104,8,00 10 00 09 00 10 00 00,........
USB-to-CAN V2 compact  CAN-1,190,15:35:55.390,  E   ,18FFF403,8,2A 00 00 00 00 00 00 2A,*......*
USB-to-CAN V2 compact  CAN-1,191,15:35:55.392,  E   ,18FEF704,8,FF FF FF FF 14 02 FF FF,........
USB-to-CAN V2 compact  CAN-1,192,15:35:55.395,  E   ,18FFF003,8,00 00 00 00 00 00 00 00,........
USB-to-CAN V2 compact  CAN-1,193,15:35:55.396,  E   ,18FFF504,8,FF 82 00 FF 00 07 FF 01,........
USB-to-CAN V2 compact  CAN-1,194,15:35:55.400,  E   ,18FFF103,8,00 00 00 00 00 00 00 FF,........
USB-to-CAN V2 compact  CAN-1,195,15:35:55.405,  E   ,18FEF803,8,FF FF FF FF C0 27 FF FF,.....'..
USB-to-CAN V2 compact  CAN-1,196,15:35:55.408,  E   ,18FF0104,8,00 10 00 09 00 10 00 00,........
USB-to-CAN V2 compact  CAN-1,197,15:35:55.410,  E   ,18F00400,8,00 7D 7D 00 00 07 00 7D,.}}....}
USB-to-CAN V2 compact  CAN-1,198,15:35:55.412,  E   ,18FEF704,8,FF FF FF FF 14 02 FF FF,........
USB-to-CAN V2 compact  CAN-1,199,15:35:55.416,  E   ,18FFF504,8,FF 82 00 FF 00 07 FF 01,........
USB-to-CAN V2 compact  CAN-1,200,15:35:55.428,  E   ,18FF0104,8,00 10 00 09 00 10 00 00,........
USB-to-CAN V2 compact  CAN-1,201,15:35:55.432,  E   ,18FEF704,8,FF FF FF FF 14 02 FF FF,........
USB-to-CAN V2 compact  CAN-1,202,15:35:55.436,  E   ,18FFF504,8,FF 82 00 FF 00 07 FF 01,........
USB-to-CAN V2 compact  CAN-1,203,15:35:55.440,  E   ,18FFF403,8,2A 00 00 00 00 00 00 2A,*......*
USB-to-CAN V2 compact  CAN-1,204,15:35:55.445,  E   ,18FFF003,8,00 00 00 00 00 00 00 00,........
USB-to-CAN V2 compact  CAN-1,205,15:35:55.448,  E   ,18FF0104,8,00 10 00 09 00 10 00 00,........
USB-to-CAN V2 compact  CAN-1,206,15:35:55.450,  E   ,18FFF103,8,00 00 00 00 00 00 00 FF,........
USB-to-CAN V2 compact  CAN-1,207,15:35:55.452,  E   ,18FEF704,8,FF FF FF FF 14 02 FF FF,........
USB-to-CAN V2 compact  CAN-1,208,15:35:55.455,  E   ,18FEF803,8,FF FF FF FF C0 27 FF FF,.....'..
USB-to-CAN V2 compact  CAN-1,209,15:35:55.456,  E   ,18FFF504,8,FF 82 00 FF 00 07 FF 01,........
USB-to-CAN V2 compact  CAN-1,210,15:35:55.460,  E   ,18F00400,8,00 7D 7D 00 00 07 00 7D,.}}....}
USB-to-CAN V2 compact  CAN-1,211,15:35:55.468,  E   ,18FF0104,8,00 10 00 09 00 10 00 00,........
USB-to-CAN V2 compact  CAN-1,212,15:35:55.472,  E   ,18FEF704,8,FF FF FF FF 14 02 FF FF,........
USB-to-CAN V2 compact  CAN-1,213,15:35:55.476,  E   ,18FFF504,8,FF 82 00 FF 00 07 FF 01,........
USB-to-CAN V2 compact  CAN-1,214,15:35:55.488,  E   ,18FF0104,8,00 10 00 09 00 10 00 00,........
USB-to-CAN V2 compact  CAN-1,215,15:35:55.490,  E   ,18FFF403,8,2A 00 00 00 00 00 00 2A,*......*
USB-to-CAN V2 compact  CAN-1,216,15:35:55.492,  E   ,18FEF704,8,FF FF FF FF 14 02 FF FF,........
USB-to-CAN V2 compact  CAN-1,217,15:35:55.495,  E   ,18FFF003,8,00 00 00 00 00 00 00 00,........
USB-to-CAN V2 compact  CAN-1,218,15:35:55.496,  E   ,18FFF504,8,FF 82 00 FF 00 07 FF 01,........
USB-to-CAN V2 compact  CAN-1,219,15:35:55.500,  E   ,18FFF103,8,00 00 00 00 00 00 00 FF,........
USB-to-CAN V2 compact  CAN-1,220,15:35:55.505,  E   ,18FEF803,8,FF FF FF FF C0 27 FF FF,.....'..
USB-to-CAN V2 compact  CAN-1,221,15:35:55.508,  E   ,18FF0104,8,00 10 00 09 00 10 00 00,........
USB-to-CAN V2 compact  CAN-1,222,15:35:55.510,  E   ,18F00400,8,00 7D 7D 00 00 07 00 7D,.}}....}
USB-to-CAN V2 compact  CAN-1,223,15:35:55.512,  E   ,18FEF704,8,FF FF FF FF 14 02 FF FF,........
USB-to-CAN V2 compact  CAN-1,224,15:35:55.516,  E   ,18FFF504,8,FF 82 00 FF 00 07 FF 01,........
USB-to-CAN V2 compact  CAN-1,225,15:35:55.528,  E   ,18FF0104,8,00 10 00 09 00 10 00 00,........
USB-to-CAN V2 compact  CAN-1,226,15:35:55.532,  E   ,18FEF704,8,FF FF FF FF 14 02 FF FF,........
USB-to-CAN V2 compact  CAN-1,227,15:35:55.536,  E   ,18FFF504,8,FF 82 00 FF 00 07 FF 01,........
USB-to-CAN V2 compact  CAN-1,228,15:35:55.540,  E   ,18FFF403,8,2A 00 00 00 00 00 00 2A,*......*
USB-to-CAN V2 compact  CAN-1,229,15:35:55.545,  E   ,18FFF003,8,00 00 00 00 00 00 00 00,........
USB-to-CAN V2 compact  CAN-1,230,15:35:55.548,  E   ,18FF0104,8,00 10 00 09 00 10 00 00,........
USB-to-CAN V2 compact  CAN-1,231,15:35:55.550,  E   ,18FFF103,8,00 00 00 00 00 00 00 FF,........
USB-to-CAN V2 compact  CAN-1,232,15:35:55.552,  E   ,18FEF704,8,FF FF FF FF 14 02 FF FF,........
USB-to-CAN V2 compact  CAN-1,233,15:35:55.555,  E   ,18FEF803,8,FF FF FF FF C0 27 FF FF,.....'..
USB-to-CAN V2 compact  CAN-1,234,15:35:55.556,  E   ,18FFF504,8,FF 82 00 FF 00 07 FF 01,........
USB-to-CAN V2 compact  CAN-1,235,15:35:55.560,  E   ,18F00400,8,00 7D 7D 00 00 07 00 7D,.}}....}
USB-to-CAN V2 compact  CAN-1,236,15:35:55.568,  E   ,18FF0104,8,00 10 00 09 00 10 00 00,........
USB-to-CAN V2 compact  CAN-1,237,15:35:55.572,  E   ,18FEF704,8,FF FF FF FF 14 02 FF FF,........
USB-to-CAN V2 compact  CAN-1,238,15:35:55.576,  E   ,18FFF504,8,FF 82 00 FF 00 07 FF 01,........
USB-to-CAN V2 compact  CAN-1,239,15:35:55.588,  E   ,18FF0104,8,00 10 00 09 00 10 00 00,........
USB-to-CAN V2 compact  CAN-1,240,15:35:55.590,  E   ,18FFF403,8,2A 00 00 00 00 00 00 2A,*......*
USB-to-CAN V2 compact  CAN-1,241,15:35:55.592,  E   ,18FEF704,8,FF FF FF FF 14 02 FF FF,........
USB-to-CAN V2 compact  CAN-1,242,15:35:55.595,  E   ,18FFF003,8,00 00 00 00 00 00 00 00,........
USB-to-CAN V2 compact  CAN-1,243,15:35:55.596,  E   ,18FFF504,8,FF 82 00 FF 00 07 FF 01,........
USB-to-CAN V2 compact  CAN-1,244,15:35:55.600,  E   ,18FFF103,8,00 00 00 00 00 00 00 FF,........
USB-to-CAN V2 compact  CAN-1,245,15:35:55.605,  E   ,18FEF803,8,FF FF FF FF C0 27 FF FF,.....'..
USB-to-CAN V2 compact  CAN-1,246,15:35:55.608,  E   ,18FF0104,8,00 10 00 09 00 10 00 00,........
USB-to-CAN V2 compact  CAN-1,247,15:35:55.610,  E   ,18F00400,8,00 7D 7D 00 00 07 00 7D,.}}....}
USB-to-CAN V2 compact  CAN-1,248,15:35:55.612,  E   ,18FEF704,8,FF FF FF FF 14 02 FF FF,........
USB-to-CAN V2 compact  CAN-1,249,15:35:55.616,  E   ,18FFF504,8,FF 82 00 FF 00 07 FF 01,........
USB-to-CAN V2 compact  CAN-1,250,15:35:55.620,  E   ,18FEEF00,8,01 FF FF 00 FF FF FF FF,........
USB-to-CAN V2 compact  CAN-1,251,15:35:55.628,  E   ,18FF0104,8,00 10 00 09 00 10 00 00,........
USB-to-CAN V2 compact  CAN-1,252,15:35:55.632,  E   ,18FEF704,8,FF FF FF FF 14 02 FF FF,........
USB-to-CAN V2 compact  CAN-1,253,15:35:55.636,  E   ,18FFF504,8,FF 82 00 FF 00 07 FF 01,........
USB-to-CAN V2 compact  CAN-1,254,15:35:55.640,  E   ,18FFF403,8,2A 00 00 00 00 00 00 2A,*......*
USB-to-CAN V2 compact  CAN-1,255,15:35:55.644,  E   , CFDD680,8,04 0F 04 32 F0 30 3F FF,...2.0?.
USB-to-CAN V2 compact  CAN-1,256,15:35:55.645,  E   , CFDD780,8,F3 FF FF FF FF FF FF FF,........
USB-to-CAN V2 compact  CAN-1,257,15:35:55.646,  E   ,18FFF003,8,00 00 00 00 00 00 00 00,........
USB-to-CAN V2 compact  CAN-1,258,15:35:55.648,  E   ,18FF0104,8,00 10 00 09 00 10 00 00,........
USB-to-CAN V2 compact  CAN-1,259,15:35:55.650,  E   ,18FFF103,8,00 00 00 00 00 00 00 FF,........
USB-to-CAN V2 compact  CAN-1,260,15:35:55.652,  E   ,18FEF704,8,FF FF FF FF 14 02 FF FF,........
USB-to-CAN V2 compact  CAN-1,261,15:35:55.655,  E   ,18FEF803,8,FF FF FF FF C0 27 FF FF,.....'..
USB-to-CAN V2 compact  CAN-1,262,15:35:55.656,  E   ,18FFF504,8,FF 82 00 FF 00 07 FF 01,........
USB-to-CAN V2 compact  CAN-1,263,15:35:55.660,  E   ,18F00400,8,00 7D 7D 00 00 07 00 7D,.}}....}
USB-to-CAN V2 compact  CAN-1,264,15:35:55.668,  E   ,18FF0104,8,00 10 00 09 00 10 00 00,........
USB-to-CAN V2 compact  CAN-1,265,15:35:55.672,  E   ,18FEF704,8,FF FF FF FF 14 02 FF FF,........
USB-to-CAN V2 compact  CAN-1,266,15:35:55.673,  E   , CFDD680,8,04 0A 04 28 F0 30 3F FF,...(.0?.
USB-to-CAN V2 compact  CAN-1,267,15:35:55.674,  E   , CFDD780,8,F3 FF FF FF FF FF FF FF,........
USB-to-CAN V2 compact  CAN-1,268,15:35:55.676,  E   ,18FFF504,8,FF 82 00 FF 00 07 FF 01,........
USB-to-CAN V2 compact  CAN-1,269,15:35:55.688,  E   ,18FF0104,8,00 10 00 09 00 10 00 00,........
USB-to-CAN V2 compact  CAN-1,270,15:35:55.690,  E   ,18FFF403,8,2A 00 00 00 00 00 00 2A,*......*
USB-to-CAN V2 compact  CAN-1,271,15:35:55.692,  E   ,18FEF704,8,FF FF FF FF 14 02 FF FF,........
USB-to-CAN V2 compact  CAN-1,272,15:35:55.695,  E   ,18FFF003,8,00 00 00 00 00 00 00 00,........
USB-to-CAN V2 compact  CAN-1,273,15:35:55.696,  E   ,18FFF504,8,FF 82 00 FF 00 07 FF 01,........
USB-to-CAN V2 compact  CAN-1,274,15:35:55.699,  E   , CFDD680,8,04 0A 04 1E F0 30 3F FF,.....0?.
USB-to-CAN V2 compact  CAN-1,275,15:35:55.700,  E   , CFDD780,8,F3 FF FF FF FF FF FF FF,........
USB-to-CAN V2 compact  CAN-1,276,15:35:55.700,  E   ,18FFF103,8,00 00 00 00 00 00 00 FF,........
USB-to-CAN V2 compact  CAN-1,277,15:35:55.705,  E   ,18FEF803,8,FF FF FF FF C0 27 FF FF,.....'..
USB-to-CAN V2 compact  CAN-1,278,15:35:55.708,  E   ,18FF0104,8,00 10 00 09 00 10 00 00,........
USB-to-CAN V2 compact  CAN-1,279,15:35:55.710,  E   ,18F00400,8,00 7D 7D 00 00 07 00 7D,.}}....}
USB-to-CAN V2 compact  CAN-1,280,15:35:55.712,  E   ,18FEF704,8,FF FF FF FF 14 02 FF FF,........
USB-to-CAN V2 compact  CAN-1,281,15:35:55.716,  E   ,18FFF504,8,FF 82 00 FF 00 07 FF 01,........
USB-to-CAN V2 compact  CAN-1,282,15:35:55.727,  E   , CFDD680,8,01 00 04 19 F0 30 3F FF,.....0?.
USB-to-CAN V2 compact  CAN-1,283,15:35:55.727,  E   , CFDD780,8,F3 FF FF FF FF FF FF FF,........
USB-to-CAN V2 compact  CAN-1,284,15:35:55.728,  E   ,18FF0104,8,00 10 00 09 00 10 00 00,........
USB-to-CAN V2 compact  CAN-1,285,15:35:55.732,  E   ,18FEF704,8,FF FF FF FF 14 02 FF FF,........
USB-to-CAN V2 compact  CAN-1,286,15:35:55.736,  E   ,18FFF504,8,FF 82 00 FF 00 07 FF 01,........
USB-to-CAN V2 compact  CAN-1,287,15:35:55.740,  E   ,18FFF403,8,2A 00 00 00 00 00 00 2A,*......*
USB-to-CAN V2 compact  CAN-1,288,15:35:55.745,  E   ,18FFF003,8,00 00 00 00 00 00 00 00,........
USB-to-CAN V2 compact  CAN-1,289,15:35:55.748,  E   ,18FF0104,8,00 10 00 09 00 10 00 00,........
USB-to-CAN V2 compact  CAN-1,290,15:35:55.750,  E   ,18FFF103,8,00 00 00 00 00 00 00 FF,........
USB-to-CAN V2 compact  CAN-1,291,15:35:55.752,  E   ,18FEF704,8,FF FF FF FF 14 02 FF FF,........
USB-to-CAN V2 compact  CAN-1,292,15:35:55.753,  E   , CFDD680,8,01 00 04 0F F0 30 3F FF,.....0?.
USB-to-CAN V2 compact  CAN-1,293,15:35:55.754,  E   , CFDD780,8,F3 FF FF FF FF FF FF FF,........
USB-to-CAN V2 compact  CAN-1,294,15:35:55.755,  E   ,18FEF803,8,FF FF FF FF C0 27 FF FF,.....'..
USB-to-CAN V2 compact  CAN-1,295,15:35:55.756,  E   ,18FFF504,8,FF 82 00 FF 00 07 FF 01,........
USB-to-CAN V2 compact  CAN-1,296,15:35:55.760,  E   ,18F00400,8,00 7D 7D 00 00 07 00 7D,.}}....}
USB-to-CAN V2 compact  CAN-1,297,15:35:55.768,  E   ,18FF0104,8,00 10 00 09 00 10 00 00,........
USB-to-CAN V2 compact  CAN-1,298,15:35:55.772,  E   ,18FEF704,8,FF FF FF FF 14 02 FF FF,........
USB-to-CAN V2 compact  CAN-1,299,15:35:55.776,  E   ,18FFF504,8,FF 82 00 FF 00 07 FF 01,........
USB-to-CAN V2 compact  CAN-1,300,15:35:55.781,  E   , CFDD680,8,01 00 04 0A F0 30 3F FF,.....0?.
USB-to-CAN V2 compact  CAN-1,301,15:35:55.781,  E   , CFDD780,8,F3 FF FF FF FF FF FF FF,........
USB-to-CAN V2 compact  CAN-1,302,15:35:55.788,  E   ,18FF0104,8,00 10 00 09 00 10 00 00,........
USB-to-CAN V2 compact  CAN-1,303,15:35:55.790,  E   ,18FFF403,8,2A 00 00 00 00 00 00 2A,*......*
USB-to-CAN V2 compact  CAN-1,304,15:35:55.792,  E   ,18FEF704,8,FF FF FF FF 14 02 FF FF,........
USB-to-CAN V2 compact  CAN-1,305,15:35:55.795,  E   ,18FFF003,8,00 00 00 00 00 00 00 00,........
USB-to-CAN V2 compact  CAN-1,306,15:35:55.796,  E   ,18FFF504,8,FF 82 00 FF 00 07 FF 01,........
USB-to-CAN V2 compact  CAN-1,307,15:35:55.800,  E   ,18FFF103,8,00 00 00 00 00 00 00 FF,........
USB-to-CAN V2 compact  CAN-1,308,15:35:55.805,  E   ,18FEF803,8,FF FF FF FF C0 27 FF FF,.....'..
USB-to-CAN V2 compact  CAN-1,309,15:35:55.807,  E   , CFDD680,8,01 00 04 05 F0 30 3F FF,.....0?.
USB-to-CAN V2 compact  CAN-1,310,15:35:55.808,  E   , CFDD780,8,F3 FF FF FF FF FF FF FF,........
USB-to-CAN V2 compact  CAN-1,311,15:35:55.809,  E   ,18FF0104,8,00 10 00 09 00 00 00 00,........
USB-to-CAN V2 compact  CAN-1,312,15:35:55.810,  E   ,18F00400,8,00 7D 7D 00 00 07 00 7D,.}}....}
USB-to-CAN V2 compact  CAN-1,313,15:35:55.812,  E   ,18FEF704,8,FF FF FF FF 14 02 FF FF,........
USB-to-CAN V2 compact  CAN-1,314,15:35:55.816,  E   ,18FFF504,8,FF 82 00 FF 00 07 FF 01,........
USB-to-CAN V2 compact  CAN-1,315,15:35:55.828,  E   ,18FF0104,8,00 10 00 09 00 00 00 00,........
USB-to-CAN V2 compact  CAN-1,316,15:35:55.832,  E   ,18FEF704,8,FF FF FF FF 14 02 FF FF,........
USB-to-CAN V2 compact  CAN-1,317,15:35:55.834,  E   , CFDD680,8,01 00 04 05 F0 30 3F FF,.....0?.
USB-to-CAN V2 compact  CAN-1,318,15:35:55.835,  E   , CFDD780,8,F3 FF FF FF FF FF FF FF,........
USB-to-CAN V2 compact  CAN-1,319,15:35:55.836,  E   ,18FFF504,8,FF 82 00 FF 00 07 FF 01,........
USB-to-CAN V2 compact  CAN-1,320,15:35:55.840,  E   ,18FFF403,8,2A 00 00 00 00 00 00 2A,*......*
USB-to-CAN V2 compact  CAN-1,321,15:35:55.845,  E   ,18FFF003,8,00 00 00 00 00 00 00 00,........
USB-to-CAN V2 compact  CAN-1,322,15:35:55.848,  E   ,18FF0104,8,00 10 00 09 00 00 00 00,........
USB-to-CAN V2 compact  CAN-1,323,15:35:55.850,  E   ,18FFF103,8,00 00 00 00 00 00 00 FF,........
USB-to-CAN V2 compact  CAN-1,324,15:35:55.852,  E   ,18FEF704,8,FF FF FF FF 14 02 FF FF,........
USB-to-CAN V2 compact  CAN-1,325,15:35:55.855,  E   ,18FEF803,8,FF FF FF FF C0 27 FF FF,.....'..
USB-to-CAN V2 compact  CAN-1,326,15:35:55.856,  E   ,18FFF504,8,FF 82 00 FF 00 07 FF 01,........
USB-to-CAN V2 compact  CAN-1,327,15:35:55.860,  E   ,18F00400,8,00 7D 7D 00 00 07 00 7D,.}}....}
USB-to-CAN V2 compact  CAN-1,328,15:35:55.862,  E   , CFDD680,8,01 00 01 00 F0 30 3F FF,.....0?.
USB-to-CAN V2 compact  CAN-1,329,15:35:55.862,  E   , CFDD780,8,F3 FF FF FF FF FF FF FF,........
USB-to-CAN V2 compact  CAN-1,330,15:35:55.865,  E   ,18FECA00,8,03 FF 00 00 00 00 FF FF,........
USB-to-CAN V2 compact  CAN-1,331,15:35:55.868,  E   ,18FF0104,8,00 10 00 09 00 00 00 00,........
USB-to-CAN V2 compact  CAN-1,332,15:35:55.870,  E   ,18FEEE00,8,79 48 FF FF FF FF FF FF,yH......
USB-to-CAN V2 compact  CAN-1,333,15:35:55.872,  E   ,18FEF704,8,FF FF FF FF 14 02 FF FF,........
USB-to-CAN V2 compact  CAN-1,334,15:35:55.876,  E   ,18FFF504,8,FF 82 00 FF 00 07 FF 01,........
USB-to-CAN V2 compact  CAN-1,335,15:35:55.888,  E   ,18FF0104,8,00 10 00 09 00 00 00 00,........
USB-to-CAN V2 compact  CAN-1,336,15:35:55.889,  E   , CFDD680,8,01 00 01 00 F0 30 3F FF,.....0?.
USB-to-CAN V2 compact  CAN-1,337,15:35:55.890,  E   , CFDD780,8,F3 FF FF FF FF FF FF FF,........
USB-to-CAN V2 compact  CAN-1,338,15:35:55.890,  E   ,18FFF403,8,2A 00 00 00 00 00 00 2A,*......*
USB-to-CAN V2 compact  CAN-1,339,15:35:55.891,  E   ,18EA0017,3,E5 FE 00,...
USB-to-CAN V2 compact  CAN-1,340,15:35:55.892,  E   ,18FEF704,8,FF FF FF FF 14 02 FF FF,........
USB-to-CAN V2 compact  CAN-1,341,15:35:55.895,  E   ,18FFF003,8,00 00 00 00 00 00 00 00,........
USB-to-CAN V2 compact  CAN-1,342,15:35:55.896,  E   ,18FFF504,8,FF 82 00 FF 00 07 FF 01,........
USB-to-CAN V2 compact  CAN-1,343,15:35:55.900,  E   ,18FFF103,8,00 00 00 00 00 00 00 FF,........
USB-to-CAN V2 compact  CAN-1,344,15:35:55.905,  E   ,18FEF803,8,FF FF FF FF C0 27 FF FF,.....'..
USB-to-CAN V2 compact  CAN-1,345,15:35:55.908,  E   ,18FF0104,8,00 10 00 09 00 00 00 00,........
USB-to-CAN V2 compact  CAN-1,346,15:35:55.910,  E   ,18F00400,8,00 7D 7D 00 00 07 00 7D,.}}....}
USB-to-CAN V2 compact  CAN-1,347,15:35:55.912,  E   ,18FEF704,8,FF FF FF FF 14 02 FF FF,........
USB-to-CAN V2 compact  CAN-1,348,15:35:55.915,  E   ,18FEF500,8,C3 FF FF FF FF FF FF FF,........
USB-to-CAN V2 compact  CAN-1,349,15:35:55.916,  E   , CFDD680,8,01 00 01 00 F0 30 3F FF,.....0?.
USB-to-CAN V2 compact  CAN-1,350,15:35:55.916,  E   , CFDD780,8,F3 FF FF FF FF FF FF FF,........
USB-to-CAN V2 compact  CAN-1,351,15:35:55.917,  E   ,18FFF504,8,FF 82 00 FF 00 07 FF 01,........
USB-to-CAN V2 compact  CAN-1,352,15:35:55.928,  E   ,18FF0104,8,00 10 00 09 00 00 00 00,........
USB-to-CAN V2 compact  CAN-1,353,15:35:55.932,  E   ,18FEF704,8,FF FF FF FF 14 02 FF FF,........
USB-to-CAN V2 compact  CAN-1,354,15:35:55.936,  E   ,18FFF504,8,FF 82 00 FF 00 07 FF 01,........
USB-to-CAN V2 compact  CAN-1,355,15:35:55.940,  E   ,18FFF403,8,2A 00 00 00 00 00 00 2A,*......*
USB-to-CAN V2 compact  CAN-1,356,15:35:55.943,  E   , CFDD680,8,01 00 01 00 F0 30 3F FF,.....0?.
USB-to-CAN V2 compact  CAN-1,357,15:35:55.944,  E   , CFDD780,8,F3 FF FF FF FF FF FF FF,........
USB-to-CAN V2 compact  CAN-1,358,15:35:55.945,  E   ,18FFF003,8,00 00 00 00 00 00 00 00,........
USB-to-CAN V2 compact  CAN-1,359,15:35:55.948,  E   ,18FF0104,8,00 10 00 09 00 00 00 00,........
USB-to-CAN V2 compact  CAN-1,360,15:35:55.950,  E   ,18FFF103,8,00 00 00 00 00 00 00 FF,........
USB-to-CAN V2 compact  CAN-1,361,15:35:55.952,  E   ,18FEF704,8,FF FF FF FF 13 02 FF FF,........
USB-to-CAN V2 compact  CAN-1,362,15:35:55.955,  E   ,18FEF803,8,FF FF FF FF C0 27 FF FF,.....'..
USB-to-CAN V2 compact  CAN-1,363,15:35:55.956,  E   ,18FFF504,8,FF 82 00 FF 00 07 FF 01,........
USB-to-CAN V2 compact  CAN-1,364,15:35:55.960,  E   ,18F00400,8,00 7D 7D 00 00 07 00 7D,.}}....}
USB-to-CAN V2 compact  CAN-1,365,15:35:55.968,  E   ,18FF0104,8,00 10 00 09 00 00 00 00,........
USB-to-CAN V2 compact  CAN-1,366,15:35:55.970,  E   , CFDD680,8,01 00 01 00 F0 30 3F FF,.....0?.
USB-to-CAN V2 compact  CAN-1,367,15:35:55.971,  E   , CFDD780,8,F3 FF FF FF FF FF FF FF,........
USB-to-CAN V2 compact  CAN-1,368,15:35:55.972,  E   ,18FEF704,8,FF FF FF FF 13 02 FF FF,........
USB-to-CAN V2 compact  CAN-1,369,15:35:55.976,  E   ,18FFF504,8,FF 82 00 FF 00 07 FF 01,........
USB-to-CAN V2 compact  CAN-1,370,15:35:55.988,  E   ,18FF0104,8,00 10 00 09 00 00 00 00,........
USB-to-CAN V2 compact  CAN-1,371,15:35:55.990,  E   ,18FFF403,8,2A 00 00 00 00 00 00 2A,*......*
USB-to-CAN V2 compact  CAN-1,372,15:35:55.992,  E   ,18FEF704,8,FF FF FF FF 13 02 FF FF,........
USB-to-CAN V2 compact  CAN-1,373,15:35:55.995,  E   ,18FFF003,8,00 00 00 00 00 00 00 00,........
USB-to-CAN V2 compact  CAN-1,374,15:35:55.996,  E   ,18FFF504,8,FF 82 00 FF 00 07 FF 01,........
USB-to-CAN V2 compact  CAN-1,375,15:35:55.997,  E   , CFDD680,8,01 00 01 00 F0 30 3F FF,.....0?.
USB-to-CAN V2 compact  CAN-1,376,15:35:55.998,  E   , CFDD780,8,F3 FF FF FF FF FF FF FF,........
USB-to-CAN V2 compact  CAN-1,377,15:35:56.000,  E   ,18FFF103,8,00 00 00 00 00 00 00 FF,........
USB-to-CAN V2 compact  CAN-1,378,15:35:56.005,  E   ,18FEF803,8,FF FF FF FF C0 27 FF FF,.....'..
USB-to-CAN V2 compact  CAN-1,379,15:35:56.008,  E   ,18FF0104,8,00 10 00 09 00 00 00 00,........
USB-to-CAN V2 compact  CAN-1,380,15:35:56.010,  E   ,18F00400,8,00 7D 7D 00 00 07 00 7D,.}}....}
USB-to-CAN V2 compact  CAN-1,381,15:35:56.012,  E   ,18FEF704,8,FF FF FF FF 13 02 FF FF,........
USB-to-CAN V2 compact  CAN-1,382,15:35:56.015,  E   ,18FEF700,8,FF FF FF FF 14 02 12 02,........
USB-to-CAN V2 compact  CAN-1,383,15:35:56.016,  E   ,18FFF504,8,FF 82 00 FF 00 07 FF 01,........
USB-to-CAN V2 compact  CAN-1,384,15:35:56.023,  E   , CFDD680,8,01 00 01 00 F0 30 3F FF,.....0?.
USB-to-CAN V2 compact  CAN-1,385,15:35:56.024,  E   , CFDD780,8,F3 FF FF FF FF FF FF FF,........
USB-to-CAN V2 compact  CAN-1,386,15:35:56.028,  E   ,18FF0104,8,00 10 00 09 00 00 00 00,........
USB-to-CAN V2 compact  CAN-1,387,15:35:56.032,  E   ,18FEF704,8,FF FF FF FF 13 02 FF FF,........
USB-to-CAN V2 compact  CAN-1,388,15:35:56.036,  E   ,18FFF504,8,FF 82 00 FF 00 07 FF 01,........
USB-to-CAN V2 compact  CAN-1,389,15:35:56.040,  E   ,18FFF403,8,2A 00 00 00 00 00 00 2A,*......*
USB-to-CAN V2 compact  CAN-1,390,15:35:56.045,  E   ,18FFF003,8,00 00 00 00 00 00 00 00,........
USB-to-CAN V2 compact  CAN-1,391,15:35:56.048,  E   ,18FF0104,8,00 10 00 09 00 00 00 00,........
USB-to-CAN V2 compact  CAN-1,392,15:35:56.050,  E   ,18FFF103,8,00 00 00 00 00 00 00 FF,........
USB-to-CAN V2 compact  CAN-1,393,15:35:56.051,  E   , CFDD680,8,01 00 01 00 F0 30 3F FF,.....0?.
USB-to-CAN V2 compact  CAN-1,394,15:35:56.051,  E   , CFDD780,8,F3 FF FF FF FF FF FF FF,........
USB-to-CAN V2 compact  CAN-1,395,15:35:56.052,  E   ,18FEF704,8,FF FF FF FF 13 02 FF FF,........
USB-to-CAN V2 compact  CAN-1,396,15:35:56.055,  E   ,18FEF803,8,FF FF FF FF C0 27 FF FF,.....'..
USB-to-CAN V2 compact  CAN-1,397,15:35:56.056,  E   ,18FFF504,8,FF 82 00 FF 00 07 FF 01,........
USB-to-CAN V2 compact  CAN-1,398,15:35:56.060,  E   ,18F00400,8,00 7D 7D 00 00 07 00 7D,.}}....}
USB-to-CAN V2 compact  CAN-1,399,15:35:56.068,  E   ,18FF0104,8,00 10 00 09 00 00 00 00,........
USB-to-CAN V2 compact  CAN-1,400,15:35:56.072,  E   ,18FEF704,8,FF FF FF FF 13 02 FF FF,........
USB-to-CAN V2 compact  CAN-1,401,15:35:56.076,  E   ,18FFF504,8,FF 82 00 FF 00 07 FF 01,........
USB-to-CAN V2 compact  CAN-1,402,15:35:56.077,  E   , CFDD680,8,01 00 01 00 F0 30 3F FF,.....0?.
USB-to-CAN V2 compact  CAN-1,403,15:35:56.078,  E   , CFDD780,8,F3 FF FF FF FF FF FF FF,........
USB-to-CAN V2 compact  CAN-1,404,15:35:56.088,  E   ,18FF0104,8,00 10 00 09 00 00 00 00,........
USB-to-CAN V2 compact  CAN-1,405,15:35:56.090,  E   ,18FFF403,8,2A 00 00 00 00 00 00 2A,*......*
USB-to-CAN V2 compact  CAN-1,406,15:35:56.092,  E   ,18FEF704,8,FF FF FF FF 13 02 FF FF,........
USB-to-CAN V2 compact  CAN-1,407,15:35:56.095,  E   ,18FFF003,8,00 00 00 00 00 00 00 00,........
USB-to-CAN V2 compact  CAN-1,408,15:35:56.096,  E   ,18FFF504,8,FF 82 00 FF 00 07 FF 01,........
USB-to-CAN V2 compact  CAN-1,409,15:35:56.100,  E   ,18FFF103,8,00 00 00 00 00 00 00 FF,........
USB-to-CAN V2 compact  CAN-1,410,15:35:56.104,  E   , CFDD680,8,01 00 01 00 F0 30 3F FF,.....0?.
USB-to-CAN V2 compact  CAN-1,411,15:35:56.105,  E   , CFDD780,8,F3 FF FF FF FF FF FF FF,........
USB-to-CAN V2 compact  CAN-1,412,15:35:56.105,  E   ,18FEF803,8,FF FF FF FF C0 27 FF FF,.....'..
USB-to-CAN V2 compact  CAN-1,413,15:35:56.108,  E   ,18FF0104,8,00 10 00 09 00 00 00 00,........
USB-to-CAN V2 compact  CAN-1,414,15:35:56.110,  E   ,18F00400,8,00 7D 7D 00 00 07 00 7D,.}}....}
USB-to-CAN V2 compact  CAN-1,415,15:35:56.112,  E   ,18FEF704,8,FF FF FF FF 13 02 FF FF,........
USB-to-CAN V2 compact  CAN-1,416,15:35:56.115,  E   ,18FEE500,8,A0 01 00 00 08 05 00 00,........
USB-to-CAN V2 compact  CAN-1,417,15:35:56.116,  E   ,18FFF504,8,FF 82 00 FF 00 07 FF 01,........
USB-to-CAN V2 compact  CAN-1,418,15:35:56.120,  E   ,18FEEF00,8,02 FF FF 00 FF FF FF FF,........
USB-to-CAN V2 compact  CAN-1,419,15:35:56.128,  E   ,18FF0104,8,00 10 00 09 00 00 00 00,........
USB-to-CAN V2 compact  CAN-1,420,15:35:56.131,  E   , CFDD680,8,01 00 01 00 F0 30 3F FF,.....0?.
USB-to-CAN V2 compact  CAN-1,421,15:35:56.131,  E   , CFDD780,8,F3 FF FF FF FF FF FF FF,........
USB-to-CAN V2 compact  CAN-1,422,15:35:56.132,  E   ,18FEF704,8,FF FF FF FF 13 02 FF FF,........
USB-to-CAN V2 compact  CAN-1,423,15:35:56.136,  E   ,18FFF504,8,FF 82 00 FF 00 07 FF 01,........
USB-to-CAN V2 compact  CAN-1,424,15:35:56.140,  E   ,18FFF403,8,2A 00 00 00 00 00 00 2A,*......*
USB-to-CAN V2 compact  CAN-1,425,15:35:56.145,  E   ,18FFF003,8,00 00 00 00 00 00 00 00,........
USB-to-CAN V2 compact  CAN-1,426,15:35:56.148,  E   ,18FF0104,8,00 10 00 09 00 00 00 00,........
USB-to-CAN V2 compact  CAN-1,427,15:35:56.150,  E   ,18FFF103,8,00 00 00 00 00 00 00 FF,........
USB-to-CAN V2 compact  CAN-1,428,15:35:56.152,  E   ,18FEF704,8,FF FF FF FF 13 02 FF FF,........
USB-to-CAN V2 compact  CAN-1,429,15:35:56.155,  E   ,18FEF803,8,FF FF FF FF C0 27 FF FF,.....'..
USB-to-CAN V2 compact  CAN-1,430,15:35:56.156,  E   ,18FFF504,8,FF 82 00 FF 00 07 FF 01,........
USB-to-CAN V2 compact  CAN-1,431,15:35:56.158,  E   , CFDD680,8,01 00 01 00 F0 30 3F FF,.....0?.
USB-to-CAN V2 compact  CAN-1,432,15:35:56.159,  E   , CFDD780,8,F3 FF FF FF FF FF FF FF,........
USB-to-CAN V2 compact  CAN-1,433,15:35:56.160,  E   ,18F00400,8,00 7D 7D 00 00 07 00 7D,.}}....}
USB-to-CAN V2 compact  CAN-1,434,15:35:56.165,  E   ,18FEE400,8,FF FF FF FD FF FF FF FF,........
